{
    "train_loss": [
        1.36383311707398,
        1.2053504264217683,
        1.1397506498742378,
        1.0942055610404617,
        1.0701844383930337,
        1.0425318424729095,
        1.0117876289904804,
        1.0107414489504936,
        0.98187764417166,
        0.9358256370171734,
        0.9246311365872965,
        0.9247390795713184,
        0.8781313944136959,
        0.8565868766143404,
        0.8375030382611286,
        0.7659166475822186,
        0.7335684532406687,
        0.7468147336066454,
        0.724312761049161,
        0.7134997981718216,
        0.6809556898714482
    ],
    "val_loss": [
        1.2727833860798885,
        1.2333606669777317,
        1.17631659382268,
        1.1469924857741909,
        1.1356715246250755,
        1.1341939631261324,
        1.2232527638736523,
        1.2606980518290871,
        1.0925047444669824,
        1.1420811006897373,
        1.0714557704172636,
        1.1339326061700519,
        1.1120965857254832,
        1.1552715207401074,
        1.0855955136449713,
        1.053861207083652,
        1.0765712339627116,
        1.0884771221562435,
        1.1053725826112848,
        1.0962175350440175,
        1.0967376671339337
    ],
    "val_acc": [
        0.4006734006734007,
        0.4612794612794613,
        0.5117845117845118,
        0.5454545454545454,
        0.5488215488215489,
        0.5757575757575758,
        0.5723905723905723,
        0.5218855218855218,
        0.5993265993265994,
        0.5723905723905723,
        0.622895622895623,
        0.5824915824915825,
        0.5824915824915825,
        0.5521885521885522,
        0.632996632996633,
        0.622895622895623,
        0.6464646464646465,
        0.632996632996633,
        0.6262626262626263,
        0.622895622895623,
        0.632996632996633
    ],
    "val_precision": [
        0.531739849098571,
        0.46579903904419717,
        0.554801413945453,
        0.5466579616028604,
        0.5512771766609365,
        0.5393952219306829,
        0.535793474817865,
        0.5846563969901627,
        0.5728371628371628,
        0.5549507786835465,
        0.5806559848819911,
        0.5494460248978024,
        0.5502191709824378,
        0.5530486589013448,
        0.5905942205942206,
        0.5759956617923454,
        0.58386056074435,
        0.583768220176448,
        0.5903576945929887,
        0.5676490157389987,
        0.5800199919742441
    ],
    "val_recall": [
        0.43448714170545155,
        0.4608341971018028,
        0.49417642216937985,
        0.5117932341523892,
        0.5466418883672405,
        0.5352511533849562,
        0.5185484963653978,
        0.5168107127614169,
        0.5550233217486739,
        0.5487462654716175,
        0.5870728580235622,
        0.5501622529791544,
        0.5626953641038147,
        0.5474202961879019,
        0.5750689321111857,
        0.588167303484205,
        0.5880501019585526,
        0.5996001260085767,
        0.6136002039171052,
        0.5779851668936176,
        0.5900311803480818
    ],
    "val_f1": [
        0.35887125079812165,
        0.42933152677023545,
        0.45651795483634483,
        0.46867706684029997,
        0.5146979289455842,
        0.5325789161141693,
        0.506850236024467,
        0.48950983537324133,
        0.5188189955739625,
        0.5380331265458459,
        0.5805723481588259,
        0.513694990436009,
        0.5291915344124419,
        0.5139969614185305,
        0.5805031823967994,
        0.5758078092120645,
        0.5850279491833031,
        0.5854213535569468,
        0.5926834274397192,
        0.5649656924014798,
        0.583187757790241
    ]
}