{
    "train_loss": [
        1.389063259650921,
        1.292697655743566,
        1.2513062645649087,
        1.2544113500364895,
        1.215901996212444,
        1.1627208378123142,
        1.1770670920952984,
        1.1318180321276874,
        1.1261198787853635,
        1.1091168714665818,
        1.1043736681170848,
        1.0800984337412078,
        1.070472650829403,
        1.028541941067268,
        1.0316132101519355,
        1.033953426898211,
        1.0195556152826069,
        1.000057362962043,
        0.9957221383335947,
        0.9921867340460591,
        0.980144856304958,
        0.9716395304120821,
        0.9628818103636818,
        0.9147080114518089,
        0.8957411879780649,
        0.9038515549966659,
        0.8958655301181749,
        0.8727478994720284,
        0.8797998585920225,
        0.8729257343829363
    ],
    "val_loss": [
        1.337781548500061,
        1.238338169298674,
        1.2284342803453143,
        1.1993755353124518,
        1.3238172938949184,
        1.1681503810380633,
        1.1568134740779275,
        1.1764190291103565,
        1.355167762229317,
        1.1439388833547894,
        1.2062575283803438,
        1.1190077191904972,
        1.1450346363218207,
        1.1382006344042326,
        1.2174277242861296,
        1.0508000976160954,
        1.1109221012968766,
        1.0314744679551375,
        1.005564664539538,
        1.9547656272587024,
        1.083051766219892,
        1.0791602228817188,
        1.1298176505063708,
        0.9981292643045124,
        0.9592084900328988,
        0.9808228172753987,
        1.0383529412119012,
        1.0122052148768776,
        0.9825994435109591,
        0.9628802679086986
    ],
    "val_acc": [
        0.4074074074074074,
        0.5454545454545454,
        0.49158249158249157,
        0.5151515151515151,
        0.41414141414141414,
        0.5084175084175084,
        0.5420875420875421,
        0.5084175084175084,
        0.5185185185185185,
        0.5791245791245792,
        0.5117845117845118,
        0.5723905723905723,
        0.5824915824915825,
        0.5892255892255892,
        0.5016835016835017,
        0.6060606060606061,
        0.5925925925925926,
        0.5925925925925926,
        0.5925925925925926,
        0.32323232323232326,
        0.5858585858585859,
        0.5858585858585859,
        0.5824915824915825,
        0.6026936026936027,
        0.6026936026936027,
        0.632996632996633,
        0.6026936026936027,
        0.5925925925925926,
        0.5959595959595959,
        0.6161616161616161
    ],
    "val_precision": [
        0.47076216902889556,
        0.5028363514419852,
        0.47852810936652695,
        0.48719573610877964,
        0.5625694444444445,
        0.527282913165266,
        0.49805817613354825,
        0.49845248742118553,
        0.5165582563959401,
        0.5344950213371265,
        0.49679215010117694,
        0.5894981720788172,
        0.5450152245480389,
        0.5592138060793268,
        0.558082995147951,
        0.6098099657245045,
        0.549904896777887,
        0.5534615572132027,
        0.5503459882234475,
        0.6011321948134093,
        0.5444656485379971,
        0.5276338484272821,
        0.5287159094480729,
        0.5490282617111885,
        0.5658429584599797,
        0.5972442767391606,
        0.5628651685393259,
        0.5560778183081465,
        0.5688334770343766,
        0.5744903288381549
    ],
    "val_recall": [
        0.417910831995339,
        0.4982108983869547,
        0.45387467905073536,
        0.49674689551450124,
        0.4080350791618398,
        0.48423453176974307,
        0.49728209323279743,
        0.45874751878273,
        0.46706332269712547,
        0.54401738715119,
        0.49982258873103946,
        0.5424026482125074,
        0.5465697382950904,
        0.5427156372578908,
        0.5146485817260464,
        0.5723572918995454,
        0.5622113150282164,
        0.5778047917132424,
        0.5726580018833539,
        0.37241233596867396,
        0.5634318537487552,
        0.5521614535699044,
        0.5505350283519299,
        0.5659660826914348,
        0.5820794294385843,
        0.6160652466990495,
        0.5855127397380919,
        0.5749157402326417,
        0.5875358209865252,
        0.5979375410713439
    ],
    "val_f1": [
        0.3590115540001342,
        0.4947131672026992,
        0.4323847109746105,
        0.4720178319361622,
        0.3371679594897833,
        0.44250054322774296,
        0.48178806240047456,
        0.46663675017910433,
        0.42021242451315877,
        0.5366013632680299,
        0.45979770229510103,
        0.510739700709256,
        0.5199070428917199,
        0.5098722334265002,
        0.5023968693196892,
        0.5349884038025333,
        0.5443065779921377,
        0.5527640506292125,
        0.5443442403107976,
        0.308794815744173,
        0.5329897489340214,
        0.5317131941785369,
        0.5246911790760571,
        0.5468555597643376,
        0.5643973988779996,
        0.5996579972237195,
        0.5566247541117592,
        0.5422590463433239,
        0.5637082201118403,
        0.5767030251040174
    ]
}